filename,words
1.jpg,MH 02 CB 4545
2.jpg,MH 20 TC 830 C
3.jpg,KA03 1351
4.jpg,TN 06 0 0000
5.jpg,KA51MJ8156
6.jpg,HR 69 6969
7.jpg,KA 51 Z 5757
8.jpg,TN 07 BU54 27
9.jpg,G J05 JD 8443
10.jpg,KL 55 R 2473
11.jpg,BL 1155
12.jpg,MH20CS1941
13.jpg,TS 09 EB 1458
14.jpg,PB03AG[T]8979
15.jpg,DL7C N 5617
16.jpg,DL 3 CAY 9324
17.jpg,TN 74 AH 1413
18.jpg,TN 74F 3339
19.jpg,HR99BJ 6662
20.jpg,GJW-1-15-A-1138
21.jpg,DL 12 CG 6648
22.jpg,MH03BS 7778
23.jpg,MH03BS 7778
24.jpg,AS  M 1004
25.jpg,HR 26 TC 7099
26.jpg,KL01KLKL01
27.jpg,KL01KL0KL01
28.jpg,KL 31 B 4000
29.jpg,UP 14 CP 6748
30.jpg,GJ 05 JD 9759
31.jpg,KL 02 AF6363
32.jpg,KL 45 4455
33.jpg,TN07BV5200
34.jpg,MH 20 EE 7597
35.jpg,MH 14 TCF 459
36.jpg,
37.jpg,KA 21 M 5519
38.jpg,DL-10 NTC-0169
39.jpg,MH 12 DE1433
40.jpg,HR.26.BR.9044
41.jpg,KL 16 J 3636
42.jpg,MH 06 AW 8929
43.jpg,TN 37 CF 4902
44.jpg,MH 46 Z 8892
45.jpg,MK.20.TC.189 B
46.jpg,MH 20 CS 98 17
47.jpg,MH 14 EH 7958
48.jpg,TN-02-TC-0143
49.jpg,
50.jpg,MH 14 TCF 460
51.jpg,HR.26.CK..8571
52.jpg,GJ 17 TC 214
53.jpg,MH 20 EE 7601
54.jpg,MH 20 EE 7598
55.jpg,MH.20.TC.640 B
56.jpg,
57.jpg,HP 89 6786
58.jpg,TN 37 CR 4019
59.jpg,HR99 EX (TEMP) 6037
60.jpg,KA 51 AA 3469
61.jpg,KL 07BF5000
62.jpg,MH 04 EE 2299
63.jpg,MH 02 BK 9793
64.jpg,R.127.TA 1143
65.jpg,TN 38 MG 6162
66.jpg,WB 07D51 06
67.jpg,HR26CF5868
68.jpg,KL 13 AA 6340
69.jpg,MH 02BM5048
70.jpg,MH 13 BN 4348
71.jpg,HR26DK6475
72.jpg,DL 10CG 4693
73.jpg,MH 14 TCE 4
74.jpg,MH04DW8351
75.jpg,
76.jpg,KL 25 B 2001
77.jpg,MH 02 AJ 344
78.jpg,KA 03 MX 5058
79.jpg,MH 15BD8877
80.jpg,KL 06 H 5834
81.jpg,KL 05 AK 3300
82.jpg,GJ01 MW7581
83.jpg,KL07CB8599
84.jpg,TN38BY4191
85.jpg,TN 52 U 1580
86.jpg,KL 01 AU585
87.jpg,CL 31 VL GP
88.jpg,CL31 VL GP
89.jpg,KA 29 Z 999
90.jpg,KA 42 TC 1310-11
91.jpg,KL 01 AL 1661
92.jpg,HR 26 BN 0283
93.jpg,MH-14-TC-947
94.jpg,DL3CAY2231
95.jpg,KL 10 AV 6633
96.jpg,DL6CAB123X
97.jpg,MH20 BY 4465
98.jpg,KL 48H 9383
99.jpg,MH.20.EU 9991
100.jpg,KL 08 T 7253
101.jpg,KL 08 BH 6265
102.jpg,DL 7S BS6930
103.jpg,TN 19 K 9318
104.jpg,
105.jpg,KA 05 HS 4495
106.jpg,WB 74X 7605
107.jpg,AG 0 1 8 3 4
108.jpg,TN 40 K 7500
109.jpg,TN 66 U 8215
110.jpg,MH12 AK5600
111.jpg,TN02AH4432
112.jpg,KL 65 E 1000
113.jpg,MH01AE8017
114.jpg,TN 02 BL 9
115.jpg,TN 42 R 2697
116.jpg,TN 42 R 2697
117.jpg,TN 42 R 2697
118.jpg,TN 43 J 0158
119.jpg,TS08ER1643
120.jpg,KL 04 AL 9405
121.jpg,DL3CBF3907
121.jpg,HR26 BA 8008
123.jpg,MH 02 CT 2727
124.jpg,
125.jpg,MH 20BY3665
126.jpg,GJ 1 KF 1111
127.jpg,UP 80 00 CR
128.jpg,TN 09 CH 7770
129.jpg,KL 43 B 2344
130.jpg,DL49 AK49
131.jpg,AP 02 BP 2454
132.jpg,AP 28 N 3107
133.jpg,MP09CP9052
134.jpg,TN5 9AQ 1515
135.jpg,KA 03 AB 3380
136.jpg,HR 99 HA (TEMP) 4575
137.jpg,MH 06 AW 8929
138.jpg,HR 26CT4063
139.jpg,HR 26 DA 2330
140.jpg,HR 26 TC 5656
141.jpg,KL 10AV6633
142.jpg,HR 26 DA 5443
143.jpg,KL 10 AW 2111
144.jpg,KL 10 AW2814
145.jpg,KL 10 AW 2814
146.jpg,HR 26 CH 3604
147.jpg,HR 26 DA 0471
148.jpg,HP SX 4000
149.jpg,HR26 BP 3543
150.jpg,KL 10 AV 6342
151.jpg,KA 04 ME 9869
152.jpg,KA 51 MJ 2143
153.jpg,
154.jpg,HR 26 CM 6005
155.jpg,KL 10 AV 6342
156.jpg,HR 26 U 7501
157.jpg,TN02BH 966T
158.jpg,TN 66 T 5836
159.jpg,KL 49 H 5270
160.jpg,HR26BU0375
161.jpg,36-L1 3579
162.jpg,TN 99 F 2378
163.jpg,HR26DK0830
164.jpg,HR 26 CT 6702
165.jpg,
166.jpg,KA 18 MH 3
167.jpg,MH14 GN 9239
168.jpg,HR26DG6167
169.jpg,GJ 07 BR 1336
170.jpg,KL 38 F 5008
171.jpg,
172.jpg,KL 01 BR8055
173.jpg,KL01CA2555
174.jpg,KL 01 CC 50
175.jpg,TN 54 F 8055
176.jpg,KA01 D 1330
177.jpg,KA 01 MA 6989
178.jpg,GJ7 BB 7666
179.jpg,MH 20 BN 3525
180.jpg,
181.jpg,MH 01 AR 5274
182.jpg,MH20CS1938
183.jpg,MH20EE7598
184.jpg,MH20DJ0419
185.jpg,MH 20 EE 0943
186.jpg,MH 20 DV 2362
187.jpg,MH 20 CS 4946
188.jpg,KL 12 G 7531
189.jpg,KL 7 BZ 99
190.jpg,TN 45 BA 1065
191.jpg,KL 54 H 369
192.jpg,KL 53E 964
193.jpg,MH 02 BW 2586
194.jpg,
195.jpg,KA03NA8385
196.jpg,KL20 K 7661
197.jpg,
198.jpg,MH-14-TCD-204
199.jpg,MH 14EH 5819
200.jpg,MH14EY5927
201.jpg,MH 14 EP 4660
202.jpg,MH 14 DT 8831
203.jpg,MH 14 TCF 300
204.jpg,MH01AV8866
205.jpg,TN9AQ 1515
206.jpg,MH15-TC-554
207.jpg,MH 14 TC 206/AN
208.jpg,MH 12 JC2813
209.jpg,TN07BU5427
210.jpg,MH03BS 7778
211.jpg,MH14EU3498
212.jpg,MH 20 EE 7597
213.jpg,DL 1N 4268
214.jpg,MH 14EH7958
215.jpg,MH 14 TCF 460
216.jpg,MH 20 EE 0 45
217.jpg,TN 38 BW 1139
218.jpg,TN 74 AL 5074
219.jpg,KL01AX8000
220.jpg,KL 60N 5344
221.jpg,PB08 CX 2959
222.jpg,KA 29 Z 999
223.jpg,KA 19/TR 02/2010 2011
224.jpg,MH 20BY3665
225.jpg,MH 01 BU5207
226.jpg,UP 16 TC1366
227.jpg,HR 26 DA 0471
228.jpg,HR 26 CR 3302
229.jpg,HR26 BP3543
230.jpg,HR 26 CT 6702
231.jpg,WOB NP 300
232.jpg,MH20BN3525
233.jpg,MH 01 AR 5274
234.jpg,MH20CS1941
235.jpg,MH20CS1938
236.jpg,MH 14DT8831
237.jpg,POOSILVER
238.jpg,A D00008
239.jpg,15-LK-10898
240.jpg,1 CD AF
241.jpg,3SAM123
242.jpg,PRE NUP
243.jpg,KA 03 MG 2784
244.jpg,21-801-27
245.jpg,HR 26 BR 9044
246.jpg,TS 009 TC 268
247.jpg,TN 37 CS 2765
248.jpg,MH 12 DE 1433
249.jpg,KA-42-N-0852
250.jpg,PG MN112
251.jpg,H982 FKL
252.jpg,DAN 54P
253.jpg,
254.jpg,GOT2P00
255.jpg,MH 20 EJ 0364
256.jpg,YD63 LB
257.jpg,OK LA
258.jpg,KA 01 AC 5957
259.jpg,MH 20 EE 7598
260.jpg,IM4U 5333
261.jpg,TS08ER1643
262.jpg,1CYA H8N
263.jpg,MH 02 CB 4545
264.jpg,FAMU 2010
265.jpg,M 771276
266.jpg,CH 9984
267.jpg,DA 7222
268.jpg,KUV
269.jpg,FEW-5131
270.jpg,P 018 299
271.jpg,YES BOSS
272.jpg,RX61 GDU
273.jpg,BRIT 0001
274.jpg,MANISA
275.jpg,BATMAN
276.jpg,CZI7 KOD
277.jpg,
278.jpg,A8654-8
279.jpg,MMN 306
280.jpg,
281.jpg,MH 01 DB 0001
282.jpg,68 611 36
283.jpg,
284.jpg,KA-09 MA 2662
285.jpg,HR 26 BR 9044
286.jpg,MIDLYPH
287.jpg,DL7C N 5617
288.jpg,BATMAN
289.jpg,S 32H
290.jpg,S OV 8199
291.jpg,KA-02 A-6579
292.jpg,AK 01 88
293.jpg,GBI8 TCE
294.jpg,01 CC 10 0001
295.jpg,85-44
296.jpg,145
297.jpg,IM4U 555
298.jpg,LAMBO
299.jpg,SDN7484U
300.jpg,FV 1232
301.jpg,G526 JHD
302.jpg,KL 01 CC 50
303.jpg,KL 54 A 2670
304.jpg,HNYCHIL3
305.jpg,SGQ51 JU
306.jpg,LAWYER
307.jpg,M 90 60 90 K
308.jpg,HR 26 BC 5514
309.jpg,EAB 0001
310.jpg,4GET OIL
311.jpg,TN 21 AT 8349
312.jpg,PUI8 BES
313.jpg,NBEYOND
314.jpg,6PIV728
315.jpg,J98257
316.jpg,MH 02 BB 2
317.jpg,HR 26 BC 5514
318.jpg,ALR 486
319.jpg,FALL YOU
320.jpg,KA-09 MA 2662
321.jpg,LOL OIL
322.jpg,700 V
323.jpg,TN 99 F 2378
324.jpg,V12 LAF
325.jpg,
326.jpg,D L 8C X 4850
327.jpg,PG MN112
328.jpg,IM4U 555
329.jpg,16M
330.jpg,MG 6800      MR 67511
331.jpg,HR 26 CB 1900
332.jpg,DZI7 YXR
333.jpg,MH 20 EJ 0364
334.jpg,E8 OLA
335.jpg,NOTACOP
336.jpg,D-L 8C X 48-50
337.jpg,
338.jpg,
339.jpg,007PLATE.COM
340.jpg,VX54 FVL
341.jpg,TS 009 TC 268
342.jpg,MANISA
343.jpg,SKIP GAS
344.jpg,GOOGLE
345.jpg,OMG MOOV
346.jpg,KA 03 AB 3380
347.jpg,
348.jpg,EAB 0001
349.jpg,PY56 BXU
350.jpg,1D 612
351.jpg,CB7 7605
352.jpg,
353.jpg,KA 03 AB 3380
354.jpg,
355.jpg,BKTP 665
356.jpg,B SMART2
357.jpg,AK 01 88
358.jpg,PZ62FDX     PZ62FDZ
359.jpg,R36 GCL
360.jpg,CX 103
361.jpg,MPEACHW
362.jpg,
363.jpg,WIW 123
364.jpg,DL 3CBD 5092
365.jpg,TN 21 BZ 0768
366.jpg,MH 20 BQ 20
367.jpg,GOOGLE
368.jpg,D 13
369.jpg,15-LK-10898
370.jpg,CH01AN0001
371.jpg,ezo
372.jpg,HR26CE1485
373.jpg,TN 21 BC 6225
374.jpg,S7 JDW
375.jpg,
376.jpg,B 2228 HM
377.jpg,BYHM 136
378.jpg,MH 04 CM 4141
379.jpg,MH14 GN 9239
380.jpg,W 7 18 AX
381.jpg,20-89563
382.jpg,CRAIG
383.jpg,YASS OZP
384.jpg,DX 103
385.jpg,EV09 FTW
386.jpg,AB 44 887
387.jpg,HR 26 AZ 5927
388.jpg,54 MR 32
389.jpg,AB 44 887
390.jpg,
391.jpg,BKWL 324
392.jpg,DZV G49
393.jpg,M 771276
394.jpg,MH 12 MR 0613
395.jpg,1CYA H8N
396.jpg,REAP3R
397.jpg,9214
398.jpg,MMN 306
399.jpg,0X65 AWD
400.jpg,889 VSM
401.jpg,IFA1T95
402.jpg,NEV1C08
403.jpg,IYZ2Z18
404.jpg,GXQ2J95
405.jpg,QOW9N47
406.jpg,XHY6U29
407.jpg,USQ0T32
408.jpg,AOA4J16
409.jpg,TYL3X75
410.jpg,PDU7G22
411.jpg,MNL3U98
412.jpg,JET7G88
413.jpg,ABP8Q89
414.jpg,PHI8H00
415.jpg,THY7E19
416.jpg,UHK5O55
417.jpg,NZQ3M77
418.jpg,XDA5E50
419.jpg,ESI4I93
420.jpg,TGG1D44
421.jpg,EVD2N25
422.jpg,TKZ5O12
423.jpg,UKV4L15
424.jpg,OIE8F33
425.jpg,USU7Q70
426.jpg,OSP7M64
427.jpg,RJO7E73
428.jpg,OHG7D57
429.jpg,VGZ4U94
430.jpg,UDQ3N83
431.jpg,PEZ7P92
432.jpg,WDD5C41
433.jpg,IJV1F86
434.jpg,JED8X17
435.jpg,SRS0J71
436.jpg,RGR6P31
437.jpg,IKZ6K39
438.jpg,WJI5165
439.jpg,PXX7L00
440.jpg,FGY4L18
441.jpg,VYS7A51
442.jpg,NVG3P10
443.jpg,GSO8Y56
444.jpg,XQM4L41
445.jpg,HIJ4K01
446.jpg,BUB4N63
447.jpg,FTF1K36
448.jpg,QPU2P76
449.jpg,VDU7V67
450.jpg,IRT2O33
451.jpg,APH1W86
452.jpg,JXD8Z00
453.jpg,MLJ5P54
454.jpg,NHN9I91
455.jpg,MYU2M55
456.jpg,YIY2B18
457.jpg,QMB9R95
458.jpg,JWL9A31
459.jpg,VHF0M83
460.jpg,XIN5I66
461.jpg,KZN5T22
462.jpg,AMN7F83
463.jpg,ZYZ6V58
464.jpg,LQA6Y55
465.jpg,BGO4L12
466.jpg,TSW5I94
467.jpg,HPJ7U96
468.jpg,DIK8E10
469.jpg,MSP5L36
470.jpg,IRD4E37
471.jpg,DQI6M58
472.jpg,WWT6M69
473.jpg,UKT4B09
474.jpg,EVF7F70
475.jpg,USZ2J32
476.jpg,BAV9R93
477.jpg,UOG9I81
478.jpg,XCP6E42
479.jpg,GOP8V45
480.jpg,FOZ6H13
481.jpg,MGY3J56
482.jpg,JCV9B48
483.jpg,RGI4O10
484.jpg,XHM5E54
485.jpg,SOA4R42
486.jpg,YMV6Y90
487.jpg,AEU8K65
488.jpg,FDV7C27
489.jpg,JFQ4K48
490.jpg,YWE4A70
491.jpg,WWK7L75
492.jpg,VRF4E08
493.jpg,XTG5M24
494.jpg,IHI4J30
495.jpg,ZHA0P02
496.jpg,ZMN6C26
497.jpg,YWB3M84
498.jpg,QQY7S55
499.jpg,YZN7K66
500.jpg,NFZ2S00
501.jpg,HCD8W72
502.jpg,ZKO0W62
503.jpg,HSA5J10
504.jpg,IXB9P86
505.jpg,XTS1U66
506.jpg,HXE1T11
507.jpg,TDO1S34
508.jpg,OCX5B63
509.jpg,RLK9J27
510.jpg,NUI4X96
511.jpg,KDA7C79
512.jpg,CNH4H14
513.jpg,BYK5U20
514.jpg,UZO8070
515.jpg,TAS3Y57
516.jpg,OJD5C69
517.jpg,FJR0Y31
518.jpg,UBX7H75
519.jpg,CIG2X12
520.jpg,FUM2E66
521.jpg,ZZG6W22
522.jpg,AXU6W78
523.jpg,KJE1I58
524.jpg,OML6R62
525.jpg,HNX3D44
526.jpg,QYU3E14
527.jpg,VEI2H47
528.jpg,GPW3P90
529.jpg,CRF4E69
530.jpg,HVG7G06
531.jpg,PUX5E62
532.jpg,MZF3082
533.jpg,XNI8V91
534.jpg,KWL8B68
535.jpg,NJZ0T69
536.jpg,ZKR5V97
537.jpg,TPM9R32
538.jpg,EEL9A82
539.jpg,RUD5L65
540.jpg,UAB0L81
541.jpg,FPK3Q88
542.jpg,MQA8S44
543.jpg,ZMX4053
544.jpg,ILC1A71
545.jpg,MSL5T23
546.jpg,ZEF5K21
547.jpg,ZAG0C54
548.jpg,GBH1W00
549.jpg,KSE5Y74
550.jpg,MZW2K75
551.jpg,PJO8E16
552.jpg,NVH6Y89
553.jpg,KBB1A90
554.jpg,NIW5Z80
555.jpg,PID0S63
556.jpg,ZGL5P13
557.jpg,HKU2A19
558.jpg,KHP4Y31
559.jpg,FLM4X93
560.jpg,FRW6E12
561.jpg,DCH5Q73
562.jpg,FNM5H30
563.jpg,EWO0Q07
564.jpg,ETI3G90
565.jpg,XJR2P46
566.jpg,ADY0D78
567.jpg,ICP7A36
568.jpg,AVY8G22
569.jpg,ENY8N06
570.jpg,ASP3E06
571.jpg,PPB2A51
572.jpg,DBQ5F17
573.jpg,GRO8G20
574.jpg,GMV3U81
575.jpg,EDJ8W66
576.jpg,DCA0U21
577.jpg,VDM6N79
578.jpg,TII8W55
579.jpg,HXA6O33
580.jpg,KOM0Z46
581.jpg,YAT6058
582.jpg,EEY8G30
583.jpg,MIY3Q18
584.jpg,BWQ3A55
585.jpg,MKP9A11
586.jpg,HFW0Q68
587.jpg,EDJ6R73
588.jpg,BVV3D95
589.jpg,CVS0P56
590.jpg,LLZ6Y18
591.jpg,YFI7A81
592.jpg,SVA0R73
593.jpg,DEK2B74
594.jpg,CJG5N05
595.jpg,LBB1X25
596.jpg,KFT6G14
597.jpg,BIH4H50
598.jpg,OUU1O80
599.jpg,AUB5R19
600.jpg,QVY9I65
601.jpg,REU6M64
602.jpg,CHI4A30
603.jpg,XQH1R43
604.jpg,KHP5M73
605.jpg,PFA1Z69
606.jpg,GMG4M69
607.jpg,EDE7M27
608.jpg,IVN6E80
609.jpg,LVF5F10
610.jpg,CBX7H82
611.jpg,WUS7X45
612.jpg,FMR4J49
613.jpg,YYD6B61
614.jpg,LVY8X45
615.jpg,NOD9I31
616.jpg,UCL6F72
617.jpg,OTG9V73
618.jpg,QVW4Y25
619.jpg,AVD1O90
620.jpg,RPX3M23
621.jpg,DBJ5R59
622.jpg,FYP9F10
623.jpg,AXK5F02
624.jpg,FWZ5Z69
625.jpg,SRY1Q35
626.jpg,DHF5B15
627.jpg,OFX5P28
628.jpg,VHG4W57
629.jpg,QPL8X16
630.jpg,PQE4Z03
631.jpg,BCH9S63
632.jpg,XER6Z08
633.jpg,QSU0Y00
634.jpg,MBR2P82
635.jpg,VRM2F52
636.jpg,FFD9Z64
637.jpg,PMU5I64
638.jpg,KPD8L62
639.jpg,WBS9B51
640.jpg,FYJ4H11
641.jpg,SVT0V03
642.jpg,AWG0E46
643.jpg,PBA0D16
644.jpg,DEC3D85
645.jpg,EBU2P57
646.jpg,CPL6B31
647.jpg,XFJ2C50
648.jpg,SXV3G38
649.jpg,BZY8Z87
650.jpg,PJJ1L76
651.jpg,YCO9U48
652.jpg,TQU4C34
653.jpg,FQI0O82
654.jpg,FNU1J17
655.jpg,KWR9W53
656.jpg,JQJ4S58
657.jpg,VPG7E54
658.jpg,WEV5K49
659.jpg,VYP6B50
660.jpg,APR0Y14
661.jpg,GAR1P11
662.jpg,JUI1G42
663.jpg,GFW2V97
664.jpg,ODF5G05
665.jpg,QRC6F87
666.jpg,LPQ5G75
667.jpg,SEN5S09
668.jpg,HUW9Z53
669.jpg,FVG2Q86
670.jpg,LLG8C31
671.jpg,DRI1Z22
672.jpg,FKA4V49
673.jpg,UHO7B94
674.jpg,JMD2N37
675.jpg,UJV9N75
676.jpg,EUU6I34
677.jpg,KED3J30
678.jpg,YTZ8U13
679.jpg,JYE5T26
680.jpg,HKE0A12
681.jpg,ZZL1X36
682.jpg,DBW6P59
683.jpg,FWA4P68
684.jpg,YAC3B06
685.jpg,ZGM6W53
686.jpg,ZVX6X74
687.jpg,GNR9I74
688.jpg,FAD3Z97
689.jpg,HXY0V84
690.jpg,KQO1J08
691.jpg,KOZ9P76
692.jpg,YGZ7M92
693.jpg,IXQ5V97
694.jpg,QSS2N18
695.jpg,IZX8K30
696.jpg,URL7S52
697.jpg,AQR3F02
698.jpg,CDN1C22
699.jpg,KWD3V58
700.jpg,KAT3R64
701.jpg,BOK1M16
702.jpg,UJX7B55
703.jpg,YTE1Z73
704.jpg,OPH4E12
705.jpg,ITI3V50
706.jpg,BFU4M58
707.jpg,LND0C31
708.jpg,TYE8L15
709.jpg,ZYJ1P05
710.jpg,YUT1X16
711.jpg,PFS6P88
712.jpg,ZMF6Z60
713.jpg,OGS2W63
714.jpg,KSL2J01
715.jpg,GJF4W99
716.jpg,ACC0G98
717.jpg,77-ZFK-8
718.jpg,42-UK-32
719.jpg,94-FD-TJ
720.jpg,24-KZT-5
721.jpg,77-ZFK-8
722.jpg,PH-792-N
723.jpg,77-ZFK-8
724.jpg,42-UK-32
725.jpg,MH14TC206/AN
726.jpg,NP-826-D
727.jpg,7-XFT-96
728.jpg,9-KKB-22
729.jpg,7-XFT-96
730.jpg,DL6CAB123X
731.jpg,TN59AQ1515
732.jpg,KA 03 AB 3380
733.jpg,KA51MJ8156
734.jpg,HR26BP3543
735.jpg,MH 02 AJ 344
736.jpg,HR 99 HA (TEMP.) 4575
737.jpg,HR26DK6475
738.jpg,HR26CH3604
739.jpg,MH14DT8831
740.jpg,HR.26.CK..8571
741.jpg,HR 69 6969
742.jpg,HR26DG6167
743.jpg,MH 01 AR 5274
744.jpg,DL 3 CAY 9324
745.jpg,KL 55 R 2473
746.jpg,MH20CS1941
747.jpg,MH20EE7597
748.jpg,TN52U1580
749.jpg,MH.20.TC.640 B
750.jpg,HR 26 TC 7099
751.jpg,14EY5972
752.jpg,HR26BU0375
753.jpg,KL 16 J 3636
754.jpg,KL 43 B 2344
755.jpg,MH 01 AR 5274
756.jpg,MH46Z8892
757.jpg,KA 03 AB 3380
758.jpg,MH04DW8351
759.jpg,MH12DE1433
760.jpg,MH12JC2813
761.jpg,JH 10 BL 2779
762.jpg,HR 26 U 7501
763.jpg,KL01AX8000
764.jpg,TN 37 CR 4019
765.jpg,MH 20 EE 45
766.jpg,GJ 17 TC 214
767.jpg,MH 14 TCF 460
768.jpg,KA03 1351
769.jpg,HR 26 BN 0283
770.jpg,GJ 1 KF 1111
771.jpg,UP 80 CR 00
772.jpg,MH 01 BU5207
773.jpg,KL 60N 5344
774.jpg,MH 20CS 4946
775.jpg,KL 10AW2814
776.jpg,KL 49 H 5270
777.jpg,TN 07BU5427
778.jpg,MH12AK5600
779.jpg,TN 38 BW 1139
780.jpg,7-XFT-96
781.jpg,8-SHG-12
782.jpg,GS-084-V
783.jpg,53-RGT-1
784.jpg,JP-548-J
785.jpg,56-ZF-DL
786.jpg,24-PGR-3
787.jpg,84-PL-FJ
788.jpg,84-KJS-7
789.jpg,PJ-323-K
790.jpg,17-TXT-4
791.jpg,77-ZFK-8
792.jpg,RK-361-S
793.jpg,JV-628-B
794.jpg,G-241-GH
795.jpg,TK-642-F
796.jpg,PK-015-L
797.jpg,VBJ-87-T
798.jpg,GL-395-X
799.jpg,32-TRK-3
800.jpg,V-494-RT
801.jpg,MH 13 BN 4348
802.jpg,MH 14EH5819
803.jpg,MH 03BS7778
804.jpg,HR 26CT4063
805.jpg,WOB NP300
806.jpg,MH02BM5048
807.jpg,CL 31 VL GP
808.jpg,MH-1-TC-947
809.jpg,MH15-TC-554
810.jpg,KL 45 4455
811.jpg,KL 01 AU585
812.jpg,KL 10AW2111
813.jpg,TS09 EB 1458
814.jpg,MH20CS1938
815.jpg,TN07BV5200
816.jpg,MH 20 EE 7598
817.jpg,KA 01 MA 6989
818.jpg,HR26 BA 8008
819.jpg,HR 26 DA 0471
820.jpg,TN59AQ 1515
821.jpg,4SH 6405
822.jpg,KL 7 BZ 99
823.jpg,HR 26 DA 5443
824.jpg,TS 08 FM 8888
825.jpg,HR26DK0830
826.jpg,GJ07BR1336
827.jpg,KL20K7561
828.jpg,HP SX 4000
829.jpg,HR 26 DA 2330
830.jpg,KL01KL0KL01
831.jpg,DL7C N 5617
832.jpg,MK20TC189 B
833.jpg,UP16 TC1366
834.jpg,WB 07D51 06
835.jpg,KA 51 AA 3469
836.jpg,AP 02 BP 2454
837.jpg,GJW-1-15-A-1138
838.jpg,DL-10 NTC-0169
839.jpg,MH 20 BN3525
840.jpg,TS08ER1647
841.jpg,KL 54 H 369
842.jpg,TN 74F 3399
843.jpg,HR99 EX(TEMP) 6037
844.jpg,TN 74 AH 1413
845.jpg,TN 42 R 2697
846.jpg,MH 02 BK 9793
847.jpg,KL 01 CC 50
848.jpg,GA 08 M 5677
849.jpg,MH 14 TCF 300
850.jpg,MH 20BY3665
851.jpg,MH14EU3498
852.jpg,KL07BF5000
853.jpg,HR99BJ TEMP 6662
854.jpg,PB08 CX 2959
855.jpg,MH20DJ0419
856.jpg,HR 26 CT 6702
857.jpg,KA 51 MJ 2143
858.jpg,KA01 D 1330
859.jpg,KL 09 AL 9405
860.jpg,WB 74X 7605
861.jpg,KL01CA2555
862.jpg,MH20CS9817
863.jpg,KL 12 G 7531
864.jpg,KL 10 AV 6342
865.jpg,MH03BS7778
866.jpg,HR 26 BM 8271
867.jpg,MH01AE8017
868.jpg,KL 10AV6633
869.jpg,KL 06 H 5834
870.jpg,KL 10 AV 6633
871.jpg,MH20CS1938
872.jpg,MH 14 TCF 460
873.jpg,MH 14 TCF 459
874.jpg,MP 09 CP 9052
875.jpg,AP 28 N 3107
876.jpg,MH 20 EE 7601
877.jpg,GJ05JD9759
878.jpg,MH03BS7778
879.jpg,KL 02 AF6363
880.jpg,MH15BD8877
881.jpg,TN 74 AL 5074
882.jpg,KA 29 Z 999
883.jpg,MH14GN 9239
884.jpg,KL 53E 964
885.jpg,DL 12 CG 6648
886.jpg,TN 42 R 2697
887.jpg,TN 45 BA 1065
888.jpg,KL07B8599
889.jpg,HR26CF5868
890.jpg,KL01KLKL01
891.jpg,UP16 TC 2805
892.jpg,KL 13 AA 6340
893.jpg,MH20EE7598
894.jpg,HR 26 CR 3302
895.jpg,MH 20 EE 0943
896.jpg,KL 25 B 2001
897.jpg,MH20 BY 4465
898.jpg,MH 14TCE 4
899.jpg,KL 10 AW 2814
900.jpg,MH14EH7958
901.jpg,MH20CS1941
902.jpg,MH12DE1433
903.jpg,MH20BN3525
904.jpg,HR 26 DA 0471
905.jpg,KA 21 M 5519
906.jpg,TN 42 R 2697
907.jpg,MH01AV8866
908.jpg,KYI9 VNU
909.jpg,KL 10 AV 6342
910.jpg,KL 01 AL 1661
911.jpg,TN-02-TC-0143
912.jpg,MH02CT2727
913.jpg,DL3CAY2231
914.jpg,TN 99 F 2378
915.jpg,HR 26 TC 5656
916.jpg,KA 05 HS 4495
917.jpg,MH20EE 7597
918.jpg,MH20EE7598
919.jpg,TN09CH7770
920.jpg,KV57 CKC
921.jpg,MH 20 DV 2362
922.jpg,KL 05 AK 3300
923.jpg,MH 06 AW 8929
924.jpg,MH 06 AW 8929
925.jpg,TN 07BU5427
926.jpg,TN 09TC 0131
927.jpg,NUB9D46
928.jpg,BTT9E63
929.jpg,LXD8V11
930.jpg,RZZ8A53
931.jpg,VQ03T97
932.jpg,GJK7168
933.jpg,EUX4R17
934.jpg,QVK0E56
935.jpg,GEM9R00
936.jpg,BSQ0D57
937.jpg,BMM3L18
938.jpg,SNH8F93
939.jpg,PVU9I96
940.jpg,E0F3B54
941.jpg,LJG1K26
942.jpg,FXZ5M03
943.jpg,CUS5035
944.jpg,QBY7M67
945.jpg,QIS8F43
946.jpg,EJX8W69
947.jpg,ZTT1M53
948.jpg,ECW4R68
949.jpg,LND3Y76
950.jpg,QBT5U97
951.jpg,UUZ7A01
952.jpg,0CM5J19
953.jpg,TXJ7026
954.jpg,LND3Z21
955.jpg,YVW1T33
956.jpg,ZLW0P50
957.jpg,TYU1D89
958.jpg,JRV2B69
959.jpg,DKD6A47
960.jpg,XBN9U39
961.jpg,NDB3I10
962.jpg,IIZ2S22
963.jpg,ZWK5A79
964.jpg,ULD0P38
965.jpg,TZG2L62
966.jpg,EYN1P06
967.jpg,GWM8J65
968.jpg,MBR0J61
969.jpg,ZHI1R77
970.jpg,LXN9K14
971.jpg,WWG3L06
972.jpg,OUF5R81
973.jpg,TF06C19
974.jpg,RNE5N25
975.jpg,IPR7089
976.jpg,OJZ0375
977.jpg,WE08W63
978.jpg,IHR9G84
979.jpg,ENZ0S57
980.jpg,VZF5W73
981.jpg,YU01S46
982.jpg,ZAH2G94
983.jpg,ZXV6Y88
984.jpg,GGN3S87
985.jpg,X0S9J87
986.jpg,VQA9N49
987.jpg,WLU6D00
988.jpg,EYK3Z65
989.jpg,FPU4F14
990.jpg,SFI6E78
991.jpg,PFH7X35
992.jpg,SFI6E78
993.jpg,UDQ6L05
994.jpg,ICA8C19
995.jpg,MKT4I43
996.jpg,JIB5U63
997.jpg,JLG5X59
998.jpg,SGQ0U14
999.jpg,TD08L73
1000.jpg,IPL9Q78
1001.jpg,DYQ2F43
1002.jpg,IBB7Z10
1003.jpg,IXK5L03
1004.jpg,AWA0B52
1005.jpg,SGP9E29
1006.jpg,MVM7P69
1007.jpg,HKE0Z82
1008.jpg,GBE3B34
1009.jpg,0TL4M90
1010.jpg,AYU9H30
1011.jpg,HNS7P38
1012.jpg,BDJ1G83
1013.jpg,HE03G19
1014.jpg,NKG8P39
1015.jpg,ZGK0P97
1016.jpg,FGV5R30
1017.jpg,EFL605
1018.jpg,HIP1063
1019.jpg,MRF3U07
1020.jpg,ZJI7H20
1021.jpg,DYC1J34
1022.jpg,GWB5R46
1023.jpg,R0L2W73
1024.jpg,CXU8M78
1025.jpg,OEE4N41
1026.jpg,ZFB8D99
1027.jpg,DNS4E71
1028.jpg,QJG0N41
1029.jpg,YUV6Z04
1030.jpg,AUM8Y63
1031.jpg,VAT4F90
1032.jpg,PZB4H83
1033.jpg,PKL1F55
1034.jpg,MTL8I00
1035.jpg,UUB2U38
1036.jpg,DEY4U93
1037.jpg,YVX0F76
1038.jpg,JTF2Q02
1039.jpg,OWA 2875
1040.jpg,VCE9K00
1041.jpg,CJJ8B62
1042.jpg,MUJ7K89
1043.jpg,REY2X66
1044.jpg,JCP7B10
1045.jpg,HAC2Y87
1046.jpg,HYE9J94
1047.jpg,NLR1U98
1048.jpg,XER2S78
1049.jpg,HMB0L53
1050.jpg,NIG3J30
1051.jpg,KLT3T26
1052.jpg,QRC8L88
1053.jpg,QKT4I85
1054.jpg,AME6Y56
1055.jpg,PDJ9J05
1056.jpg,KAE8K00
1057.jpg,DSD9M45
1058.jpg,NMF1W07
1059.jpg,MAA6I09
1060.jpg,MLG0K85
1061.jpg,IJK7C13
1062.jpg,WVZ5G01
1063.jpg,XUX6D03
1064.jpg,QJV7A04
1065.jpg,ZYI1F20
1066.jpg,UJY5E62
1067.jpg,FEK5U53
1068.jpg,XZK3Y33
1069.jpg,YHG1Z56
1070.jpg,CUB8L37
1071.jpg,SLB8D37
1072.jpg,GAG8F99
1073.jpg,XAG4E79
1074.jpg,DIX3K41
1075.jpg,KIB0B57
1076.jpg,LWY7T65
1077.jpg,BNH2G93
1078.jpg,YZG7A58
1079.jpg,BZT5Y28
1080.jpg,JGJ9U77
1081.jpg,LUR7S51
1082.jpg,LY07R35
1083.jpg,VME9Z73
1084.jpg,QPX3S31
1085.jpg,EKX0A16
1086.jpg,WGY8C07
1087.jpg,YRT1M20
1088.jpg,YSK6J19
1089.jpg,PMA0W44
1090.jpg,VFL3L58
1091.jpg,WSZ7E24
1092.jpg,FQV6N82
1093.jpg,YWL7H52
1094.jpg,VVF3L48
1095.jpg,SAA1U22
1096.jpg,BFZ7W63
1097.jpg,SVW3H95
1098.jpg,TUP1T33
1099.jpg,VHB8J88
1100.jpg,SOX0X77
1101.jpg,XXQ8T08
1102.jpg,YZK1N56
1103.jpg,MUR0M93
1104.jpg,PEI2I37
1105.jpg,ZGL4Z47
1106.jpg,QGSOC57
1107.jpg,UFO9X02
1108.jpg,RGU3T79
1109.jpg,NEM4Q30
1110.jpg,SHD5B20
1111.jpg,OLF7Z84
1112.jpg,CJF2L17
1113.jpg,PEK3W41
1114.jpg,EFB6K80
1115.jpg,VED2M84
1116.jpg,IPU5P52
1117.jpg,CBR0C53
1118.jpg,IIP5023
1119.jpg,IUV8X13
1120.jpg,LJQ6F83
1121.jpg,WIT3J73
1122.jpg,AXT6E23
1123.jpg,AXT6E23
1124.jpg,DJI4N73
1125.jpg,TJ05H45
1126.jpg,WPC9D09
1127.jpg,EQE8A65
1128.jpg,PNZ7V32
1129.jpg,QMJ7O09
1130.jpg,PEI8N58
1131.jpg,YIZ6N63
1132.jpg,RCW8K67
1133.jpg,VUM1075
1134.jpg,XVN0X03
1135.jpg,NRB2X82
1136.jpg,GDZ6X73
1137.jpg,POB8N86
1138.jpg,LMP8E35
1139.jpg,XGG3H34
1140.jpg,IOS5F44
1141.jpg,OHQ2Q68
1142.jpg,DRE9N02
1143.jpg,VNV6Z30
1144.jpg,YDB8H59
1145.jpg,HTE5M72
1146.jpg,EGE5D30
1147.jpg,QVR7X01
1148.jpg,KLJ1T85
1149.jpg,IGB5S75
1150.jpg,VXJ3L62
1151.jpg,THU9A93
1152.jpg,WEU0M78
1153.jpg,OTP3B89
1154.jpg,QAJ1G09
1155.jpg,LEA2B08
1156.jpg,JJS8Q57
1157.jpg,NVB9W46
1158.jpg,JBH2P41
1159.jpg,HKX2J26
1160.jpg,HLD9E04
1161.jpg,QOT1X89
1162.jpg,YZI8D16
1163.jpg,MVM0R20
1164.jpg,OSO3V47
1165.jpg,IAK4F26
1166.jpg,XAO5B92
1167.jpg,OIH6D45
1168.jpg,SKR5R85
1169.jpg,JQB3N67
1170.jpg,OIQ6S49
1171.jpg,XJC4R15
1172.jpg,CLJ2G93
1173.jpg,ZTN6G83
1174.jpg,GZE9F84
1175.jpg,ZFT9E71
1176.jpg,REN7E60
1177.jpg,UPF2W65
1178.jpg,HBQ6I65
1179.jpg,CRB4A14
1180.jpg,SUU2S91
1181.jpg,UAM1Y13
1182.jpg,RXF6D79
1183.jpg,VQZ0N88
1184.jpg,IHI7Q28
1185.jpg,QRI2J91
1186.jpg,XVY6K21
1187.jpg,RGY2X40
1188.jpg,PXP5Q49
1189.jpg,ITC3Y86
1190.jpg,TNF9U27
1191.jpg,BDU0G73
1192.jpg,YBX6D40
1193.jpg,ZBF1M22
1194.jpg,CHK6E85
1195.jpg,YCF6R31
1196.jpg,NWN1L18
1197.jpg,LYN5H64
1198.jpg,BWF7Z93
1199.jpg,STY7N66
1200.jpg,OSI7X13
1201.jpg,VCZC2Z43
1202.jpg,JHJ6J90
1203.jpg,PWK6Z80
1204.jpg,IKO4C66
1205.jpg,QQDOK12
1206.jpg,RWL4Y67
1207.jpg,HNT6L95
1208.jpg,IDK8F83
1209.jpg,BRH4L84
1210.jpg,FTS7S94
1211.jpg,BEJ0M15
1212.jpg,EHQ7R23
1213.jpg,IAU0P24
1214.jpg,YRP6X96
1215.jpg,UQT4B87
1216.jpg,QOM0Z85
1217.jpg,OCV0I46
1218.jpg,OJA0L71
1219.jpg,LPT3F66
1220.jpg,NBL6G50
1221.jpg,MQH6N59
1222.jpg,WAU9J48
1223.jpg,MZM6R89
1224.jpg,MWV6G93
1225.jpg,FOK8T06
1226.jpg,KTI8V84
1227.jpg,PEX2Z85
1228.jpg,BHJ9R96
1229.jpg,MBB4I30
1230.jpg,IPS2R46
1231.jpg,BIJ7D03
1232.jpg,DYN1K00
1233.jpg,NKY7A24
1234.jpg,QNV9Y81
1235.jpg,NQZ8A50
1236.jpg,WNT4L31
1237.jpg,TTH7I54
1238.jpg,BBR8Y52
1239.jpg,IQK2N45
1240.jpg,XYG0H01
1241.jpg,AXF1P53
1242.jpg,JMW5S66
1243.jpg,UPE2I40
1244.jpg,KOK8Y31
1245.jpg,JDL0C57
1246.jpg,KFM5A93
1247.jpg,LCK8V82
1248.jpg,OZL8X38
1249.jpg,QLM2T05
1250.jpg,UDQ7O92
1251.jpg,WWL1R64
1252.jpg,XPU1Z43
1253.jpg,VBI5C14
1254.jpg,DSU7D58
1255.jpg,QPP5J71
1256.jpg,KHT6X05
1257.jpg,FQL9U04
1258.jpg,PQT2L83
1259.jpg,BYX9T24
1260.jpg,JDS5L20
1261.jpg,NYL4D33
1262.jpg,INZ2H79
1263.jpg,FLV9E84
1264.jpg,LXB2U86
1265.jpg,TDD9D07
1266.jpg,XVN8E31
1267.jpg,XXX4O60
1268.jpg,XSB4C29
1269.jpg,AZD9E46
1270.jpg,VPT2O30
1271.jpg,LET3Q35
1272.jpg,OLE8Q96
1273.jpg,IWE3A17
1274.jpg,HGK6H92
1275.jpg,PTC0A34
1276.jpg,QLD5N74
1277.jpg,ROJ6N65
1278.jpg,XCX7Y38
1279.jpg,GCN2R53
1280.jpg,SYX0V17
1281.jpg,KQM1L04
1282.jpg,HOI6B90
1283.jpg,SBU2Z43
1284.jpg,TBR4C83
1285.jpg,WDY8T88
1286.jpg,QUB3K21
1287.jpg,KZV8L18
1288.jpg,EIF8N30
1289.jpg,KNH5U38
1290.jpg,DVM9K25
1291.jpg,PMW9M01
1292.jpg,DSS5Q39
1293.jpg,FEO3G15
1294.jpg,UTP2077
1295.jpg,HDS9L61
1296.jpg,ADO2L42
1297.jpg,RFC7C19
1298.jpg,NNW5B84
1299.jpg,OZN8W70
1300.jpg,FCR1Y39
1301.jpg,OIB5J49
1302.jpg,LYT4D00
1303.jpg,IER6Y74
1304.jpg,XHH4M93
1305.jpg,MDA2U01
1306.jpg,ZOJ3N23
1307.jpg,YXU6E01
1308.jpg,MTS8J95
1309.jpg,SAO6M12
1310.jpg,OMS9B04
1311.jpg,NJX1M14
1312.jpg,VXF4B87
1313.jpg,IPJ1Y60
1314.jpg,NXD5J95
1315.jpg,XMU4Z63
1316.jpg,OFQ5Z61
1317.jpg,JLL1F36
1318.jpg,AYR9I49
1319.jpg,CPT5H06
1320.jpg,ZOT1Z79
1321.jpg,QCW7U16
1322.jpg,JHG6Y65
1323.jpg,OLS6N25
1324.jpg,BEM5F61
1325.jpg,QGP0178
1326.jpg,SNG8088
1327.jpg,ZPX0E41
1328.jpg,DVU8E17
1329.jpg,GMJ4M07
1330.jpg,ENZ6J98
1331.jpg,OYE1F65
1332.jpg,FMP0N60
1333.jpg,SWB4M05
1334.jpg,OOY7M81
1335.jpg,GNS3I19
1336.jpg,CUM3S52
1337.jpg,PFY1S39
1338.jpg,IPP0S65
1339.jpg,CHX1B60
1340.jpg,CWG8L88
1341.jpg,YSS6Z72
1342.jpg,QFT1G67
1343.jpg,LRH6I03
1344.jpg,QOZ9Y21
1345.jpg,AEF6M93
1346.jpg,AXC3B98
1347.jpg,IXL6H63
1348.jpg,SPT7Z50
1349.jpg,NJR9T89
1350.jpg,PAT5001
1351.jpg,MCF1K25
1352.jpg,JXW4R43
1353.jpg,IDL9X94
1354.jpg,UFF2Z63
1355.jpg,LXF2P03
1356.jpg,JYG6Q97
1357.jpg,XIL8C03
1358.jpg,UKA5U64
1359.jpg,QHT8P20
1360.jpg,XFQ8Y95
1361.jpg,STU3Z18
1362.jpg,QMU5B10
1363.jpg,FNH6T32
1364.jpg,XNU7T66
1365.jpg,CSY3Y77
1366.jpg,EPK5N84
1367.jpg,NYM6P74
1368.jpg,QMR7K18
1369.jpg,LUL0Z20
1370.jpg,LVM7A98
1371.jpg,FTR4U21
1372.jpg,QHX2H63
1373.jpg,UIF0J31
1374.jpg,LZW9P22
1375.jpg,OEM5Y93
1376.jpg,RZA3A53
1377.jpg,OID0F91
1378.jpg,EFP9B37
1379.jpg,PYZ6N52
1380.jpg,EHW1N15
1381.jpg,ORV7D04
1382.jpg,JLU1Q94
1383.jpg,IVI5I89
1384.jpg,PNC9P95
1385.jpg,UJM1J58
1386.jpg,QEF2P38
1387.jpg,JCJ6M75
1388.jpg,SPL0Y12
1389.jpg,TFV4J29
1390.jpg,XFG6G31
1391.jpg,IVU0N93
1392.jpg,GQP7U94
1393.jpg,BFU6N60
1394.jpg,NUJ7F09
1395.jpg,ZJB6C47
1396.jpg,DNT2C43
1397.jpg,GOB0M48
1398.jpg,MZU1C47
1399.jpg,LTR5R65
1400.jpg,POL1A39
1401.jpg,SVW0D44
1402.jpg,ODG6F05
1403.jpg,OPY3D82
1404.jpg,UCC8D47
1405.jpg,UAR0R76
1406.jpg,LKN6X57
1407.jpg,SGJ4H39
1408.jpg,ALB6J16
1409.jpg,GIO0C58
1410.jpg,FSI9166
1411.jpg,FGQ3Y90
1412.jpg,KPN2K82
1413.jpg,ZNL0W43
1414.jpg,BPA9U24
1415.jpg,JUX9G42
1416.jpg,MJE3G40
1417.jpg,WNI2Y31
1418.jpg,RIR3R86
1419.jpg,BEM3K17
1420.jpg,QWP0H81
1421.jpg,VDF0M98
1422.jpg,SDL1C98
1423.jpg,EAO3S52
1424.jpg,KXR7A57
1425.jpg,RFS6I42
1426.jpg,NUPOU75
1427.jpg,JNI3Q53
1428.jpg,KRW5N93
1429.jpg,GUX1U88
1430.jpg,QAZ8G63
1431.jpg,AFZ6Y20
1432.jpg,AYP0O20
1433.jpg,UYG4Q29
1434.jpg,SAA8R19
1435.jpg,UXU4R15
1436.jpg,QMF7N70
1437.jpg,CBK9V92
1438.jpg,FGJ8A86
1439.jpg,CYI0P98
1440.jpg,URP6Q97
1441.jpg,OPI8F25
1442.jpg,LWS0R13
1443.jpg,GZA5F09
1444.jpg,NOG9253
1445.jpg,NVL0F79
1446.jpg,OHA4K49
1447.jpg,XYM4N17
1448.jpg,ENQ1C53
1449.jpg,DBL0U28
1450.jpg,AJM4T39
1451.jpg,GWL4U99
1452.jpg,YYH6V04
1453.jpg,RVV1C37
1454.jpg,VQC3R63
1455.jpg,IPT1M91
1456.jpg,TUF0L72
1457.jpg,PCI9D55
1458.jpg,QEU2F98
1459.jpg,DGC3U28
1460.jpg,XBC0U58
1461.jpg,GPF9E47
1462.jpg,JVV2K93
1463.jpg,QRV8W73
1464.jpg,LAX2D78
1465.jpg,WRU5I80
1466.jpg,STW9H97
1467.jpg,QNT0Q75
1468.jpg,IKC7Z12
1469.jpg,IYB0K63
1470.jpg,HIB5F07
1471.jpg,CGE6Q53
1472.jpg,GZN5T51
1473.jpg,IET6W61
1474.jpg,KAI6Y52
1475.jpg,KSP4M57
1476.jpg,GXE4P22
1477.jpg,TTX4O05
1478.jpg,WYX8Q74
1479.jpg,PGI0E77
1480.jpg,KNO7Q68
1481.jpg,QFI9C08
1482.jpg,PFU7O99
1483.jpg,LPV0F38
1484.jpg,FGP7S19
1485.jpg,TDE2M93
1486.jpg,LKR2J09
1487.jpg,QWB4C96
1488.jpg,TRS1E84
1489.jpg,SCT0U18
1490.jpg,LEI8M38
1491.jpg,JJZ2M95
1492.jpg,PAM8U17
1493.jpg,KDD9A19
1494.jpg,DYC9H98
1495.jpg,PTO6T79
1496.jpg,AZF2Q40
1497.jpg,CSD0C91
1498.jpg,JGE8B09
1499.jpg,HWN1G49
1500.jpg,WPZ3N70
1501.jpg,REY5U23
1502.jpg,RWA8Y11
1503.jpg,JVW5V85
1504.jpg,JMO0B72
1505.jpg,XJN8C31
1506.jpg,NTZ6B25
1507.jpg,CFG3G32
1508.jpg,EZF1P74
1509.jpg,TKH3N62
1510.jpg,KBS3F55
1511.jpg,ZZF9F95
1512.jpg,AKF2F66
1513.jpg,AQC8R99
1514.jpg,HVQ8M96
1515.jpg,BAS8J61
1516.jpg,HK09S60
1517.jpg,JBE5P41
1518.jpg,LKH1J38
1519.jpg,MUD9051
1520.jpg,QGT3T05
1521.jpg,FGC2S43
1522.jpg,JML6I10
1523.jpg,RLQ9K37
1524.jpg,JWH0O86
1525.jpg,TNE4Z65
1526.jpg,VXI1L70
1527.jpg,DJP2H44
1528.jpg,DOV0R80
1529.jpg,CLM3U54
1530.jpg,MDG0Y77
1531.jpg,ASC9T40
1532.jpg,ZXB3N57
1533.jpg,WDK6N55
1534.jpg,ZWF2O30
1535.jpg,DDR8G94
1536.jpg,OQH7D13
1537.jpg,ZOD7J03
1538.jpg,UBF6J19
1539.jpg,PTI4S97
1540.jpg,JBO3K32
1541.jpg,RWC7082
1542.jpg,MTJ6M95
1543.jpg,NYC4Q30
1544.jpg,RTF0C42
1545.jpg,XCZ1I00
1546.jpg,GDO7J15
1547.jpg,NXF2L70
1548.jpg,CBR7Q61
1549.jpg,ZKM8Y52
1550.jpg,THE1094
1551.jpg,KHF5L36
1552.jpg,WPU3B37
1553.jpg,MXI4I78
1554.jpg,JLU7W70
1555.jpg,CUG5Y72
1556.jpg,AIR5B91
1557.jpg,VBX5W18
1558.jpg,OOZ7L03
1559.jpg,SPI1U98
1560.jpg,VWD9K00
1561.jpg,FPL5K11
1562.jpg,RRM8064
1563.jpg,VNF9Y45
1564.jpg,HNZ2K85
1565.jpg,DYT4B38
1566.jpg,WPU5Z79
1567.jpg,YNF2L11
1568.jpg,ZZD3F08
1569.jpg,WNP5S70
1570.jpg,YAV1L37
1571.jpg,YQD7W92
1572.jpg,AWW7A03
1573.jpg,KQM3K86
1574.jpg,DBU9O34
1575.jpg,HTW3B18
1576.jpg,XQI6B69
1577.jpg,OKJ7F33
1578.jpg,CGG8U07
1579.jpg,CHE7P29
1580.jpg,FXS3N91
1581.jpg,YTM2C46
1582.jpg,MDK7093
1583.jpg,DWG7Q47
1584.jpg,XFP6X74
1585.jpg,NHU8Q70
1586.jpg,IES9X70
1587.jpg,QBN5V48
1588.jpg,WDW5H47
1589.jpg,KHK5M69
1590.jpg,HGV5K90
1591.jpg,UGE0F96
1592.jpg,TDB9L30
1593.jpg,DVP5Q86
1594.jpg,FIR4H50
1595.jpg,MAT5M03
1596.jpg,ESQ5T76
1597.jpg,JQD2R61
1598.jpg,BPY3I66
1599.jpg,JMH6E11
1600.jpg,LHJ6A46
